INSERT INTO CATEGORY (ID, DESCRIPTION) VALUES (1, 'Movies');
INSERT INTO CATEGORY (ID, DESCRIPTION) VALUES (2, 'Books');
INSERT INTO CATEGORY (ID, DESCRIPTION) VALUES (3, 'Games');

INSERT INTO SUPPLIER (ID, NAME) VALUES (1, 'Amazon');
INSERT INTO SUPPLIER (ID, NAME) VALUES (2, 'Mercado Livre');

INSERT INTO PRODUCT (ID, NAME, FK_CATEGORY, FK_SUPPLIER, QUANTITY_AVAILABLE, CREATED_AT) VALUES (1, 'Baldurs Gate', 3, 1, 20, CURRENT_TIMESTAMP);
INSERT INTO PRODUCT (ID, NAME, FK_CATEGORY, FK_SUPPLIER, QUANTITY_AVAILABLE, CREATED_AT) VALUES (2, 'Fallout', 3, 1, 30, CURRENT_TIMESTAMP);
INSERT INTO PRODUCT (ID, NAME, FK_CATEGORY, FK_SUPPLIER, QUANTITY_AVAILABLE, CREATED_AT) VALUES (3, 'Fifa', 3, 2, 100, CURRENT_TIMESTAMP);
INSERT INTO PRODUCT (ID, NAME, FK_CATEGORY, FK_SUPPLIER, QUANTITY_AVAILABLE, CREATED_AT) VALUES (4, 'Duna 2', 1, 1, 10, CURRENT_TIMESTAMP);
INSERT INTO PRODUCT (ID, NAME, FK_CATEGORY, FK_SUPPLIER, QUANTITY_AVAILABLE, CREATED_AT) VALUES (5, 'Rebel Moon 2', 1, 2, 15, CURRENT_TIMESTAMP);
INSERT INTO PRODUCT (ID, NAME, FK_CATEGORY, FK_SUPPLIER, QUANTITY_AVAILABLE, CREATED_AT) VALUES (6, 'Avengers', 1, 1, 50, CURRENT_TIMESTAMP);
INSERT INTO PRODUCT (ID, NAME, FK_CATEGORY, FK_SUPPLIER, QUANTITY_AVAILABLE, CREATED_AT) VALUES (7, 'Hobbit', 2, 1, 50, CURRENT_TIMESTAMP);
INSERT INTO PRODUCT (ID, NAME, FK_CATEGORY, FK_SUPPLIER, QUANTITY_AVAILABLE, CREATED_AT) VALUES (8, 'Lord of the rings', 2, 2, 20, CURRENT_TIMESTAMP);
INSERT INTO PRODUCT (ID, NAME, FK_CATEGORY, FK_SUPPLIER, QUANTITY_AVAILABLE, CREATED_AT) VALUES (9, 'Name of Wind', 2, 2, 30, CURRENT_TIMESTAMP);
INSERT INTO PRODUCT (ID, NAME, FK_CATEGORY, FK_SUPPLIER, QUANTITY_AVAILABLE, CREATED_AT) VALUES (9, 'Name of Wind', 2, 2, 30, CURRENT_TIMESTAMP);
